cliente_id,canal_captacion,comercial_asignado,lead_score,fecha_primera_visita,fecha_conversion,num_llamadas,num_reuniones,oferta_aceptada,campana_origen,tiempo_hasta_cierre_dias
1,Referido,Comercial_5,56,2026-06-03,2026-06-12,8,3,Descuento 20%,Verano Active,4
2,Web,Comercial_2,86,2026-01-03,2026-02-20,8,0,Sin matrícula,Campaña Local,28
3,Redes Sociales,Comercial_7,50,2025-12-09,2026-01-30,4,2,Ninguna,San Valentín Fit,37
4,Email Marketing,Comercial_7,77,2026-03-10,2026-04-03,3,3,Pack Familiar,Orgánico,18
5,Email Marketing,Comercial_5,37,2026-02-28,2026-03-12,5,3,Precio especial online,Verano Active,11
6,Referido,Comercial_4,79,2025-06-21,2025-08-03,7,1,1 mes gratis,Verano Active,32
7,Web,Comercial_3,42,2026-04-22,2026-06-12,6,0,Ninguna,Enero Nuevo Año,46
8,Visita directa,Comercial_2,79,2026-05-12,2026-06-12,1,2,2x1 primer trimestre,Black Friday,16
9,Visita directa,Comercial_5,57,2026-01-04,2026-01-07,0,1,Precio especial online,Vuelta al Cole,2
10,Influencer,Comercial_5,22,2025-07-17,2025-07-30,3,0,Ninguna,San Valentín Fit,9
11,Web,Comercial_6,52,2026-01-18,2026-03-04,3,0,2x1 primer trimestre,Enero Nuevo Año,44
12,Visita directa,Comercial_6,75,2025-09-23,2025-11-12,6,3,Pack Familiar,Verano Active,37
13,Influencer,Comercial_5,47,2025-04-20,2025-06-07,8,2,Descuento 20%,Orgánico,30
14,Publicidad exterior,Comercial_8,27,2025-12-02,2026-01-10,6,0,Descuento 20%,Verano Active,27
15,Google Ads,Comercial_2,48,2023-11-07,2023-11-14,8,2,Pack Familiar,Orgánico,6
16,Evento,Comercial_7,51,2025-02-06,2025-02-23,7,1,Ninguna,Black Friday,16
17,Web,Comercial_8,51,2026-04-07,2026-05-07,1,2,1 mes gratis,Vuelta al Cole,24
18,Publicidad exterior,Comercial_6,29,2025-11-26,2025-12-11,6,2,Pack Familiar,San Valentín Fit,7
19,Visita directa,Comercial_6,62,2025-09-19,2025-11-12,1,1,Sin matrícula,Black Friday,36
20,Email Marketing,Comercial_3,74,2024-10-30,2024-12-27,3,3,Precio especial online,Verano Active,35
21,Publicidad exterior,Comercial_4,68,2026-01-15,2026-01-31,5,1,Ninguna,Enero Nuevo Año,8
22,Evento,Comercial_1,48,2023-01-17,2023-01-23,8,0,Ninguna,Vuelta al Cole,4
23,Email Marketing,Comercial_8,21,2026-05-22,2026-06-12,2,2,Sin matrícula,Verano Active,18
24,Web,Comercial_7,61,2026-06-03,2026-06-12,7,0,Pack Familiar,Black Friday,6
25,Referido,Comercial_8,65,2026-04-29,2026-06-12,5,0,1 mes gratis,Campaña Local,26
26,Referido,Comercial_6,46,2024-12-24,2025-01-31,5,2,2x1 primer trimestre,San Valentín Fit,23
27,Google Ads,Comercial_3,37,2025-12-05,2025-12-23,7,3,2x1 primer trimestre,Vuelta al Cole,15
28,Google Ads,Comercial_7,66,2025-11-22,2025-12-16,4,3,2x1 primer trimestre,San Valentín Fit,13
29,Email Marketing,Comercial_4,52,2025-10-02,2025-11-08,8,3,Ninguna,Vuelta al Cole,22
30,Redes Sociales,Comercial_8,34,2026-04-20,2026-06-11,0,1,Sin matrícula,Vuelta al Cole,29
31,Google Ads,Comercial_8,76,2025-10-20,2025-12-17,4,2,Pack Familiar,Orgánico,45
32,Referido,Comercial_3,47,2025-02-04,2025-03-02,0,1,Ninguna,Black Friday,19
33,Email Marketing,Comercial_6,79,2025-11-22,2026-01-02,5,2,Descuento 20%,Enero Nuevo Año,28
34,Publicidad exterior,Comercial_3,82,2026-05-20,2026-06-12,4,2,Descuento 20%,Campaña Local,17
35,Visita directa,Comercial_5,63,2023-03-27,2023-05-16,7,1,Ninguna,Verano Active,41
36,Google Ads,Comercial_7,31,2023-10-26,2023-12-25,6,0,1 mes gratis,Verano Active,40
37,Email Marketing,Comercial_7,52,2026-04-29,2026-05-20,4,3,Ninguna,Orgánico,20
38,Influencer,Comercial_8,59,2026-04-25,2026-06-12,6,1,2x1 primer trimestre,Orgánico,24
39,Referido,Comercial_4,64,2026-03-17,2026-05-03,2,3,1 mes gratis,Enero Nuevo Año,24
40,Evento,Comercial_1,78,2025-08-25,2025-10-21,0,3,Pack Familiar,Orgánico,56
41,Visita directa,Comercial_5,66,2025-08-19,2025-08-26,3,1,Precio especial online,Black Friday,5
42,Redes Sociales,Comercial_3,72,2026-06-03,2026-06-12,0,0,Precio especial online,Black Friday,8
43,Influencer,Comercial_5,62,2025-08-19,2025-09-09,8,3,2x1 primer trimestre,Campaña Local,16
44,Evento,Comercial_7,55,2024-09-09,2024-10-17,8,2,Descuento 20%,Vuelta al Cole,29
45,Visita directa,Comercial_5,72,2024-02-10,2024-04-02,2,2,1 mes gratis,Enero Nuevo Año,39
46,Redes Sociales,Comercial_6,65,2025-09-26,2025-11-14,4,3,Pack Familiar,Enero Nuevo Año,41
47,Web,Comercial_7,80,2026-01-12,2026-02-13,4,1,Ninguna,Enero Nuevo Año,24
48,Visita directa,Comercial_7,50,2024-10-02,2024-10-15,6,1,2x1 primer trimestre,Campaña Local,11
49,Referido,Comercial_7,58,2024-09-27,2024-10-22,3,2,Descuento 20%,Campaña Local,21
50,Email Marketing,Comercial_7,57,2023-11-04,2023-12-26,3,0,2x1 primer trimestre,Verano Active,33
51,Evento,Comercial_4,41,2025-10-10,2025-11-20,5,0,2x1 primer trimestre,Enero Nuevo Año,40
52,Redes Sociales,Comercial_2,63,2025-07-02,2025-07-04,4,2,2x1 primer trimestre,Campaña Local,1
53,Evento,Comercial_4,62,2025-05-27,2025-05-28,5,3,Descuento 20%,Orgánico,1
54,Evento,Comercial_1,72,2024-12-27,2025-01-20,5,0,Ninguna,Orgánico,23
55,Influencer,Comercial_8,52,2026-04-28,2026-05-02,2,1,Ninguna,Black Friday,3
56,Web,Comercial_2,81,2026-03-07,2026-04-30,3,3,Ninguna,Vuelta al Cole,33
57,Referido,Comercial_4,71,2025-12-27,2025-12-30,7,3,Precio especial online,Black Friday,2
58,Web,Comercial_2,81,2026-06-01,2026-06-12,4,3,Precio especial online,Black Friday,6
59,Referido,Comercial_4,80,2025-03-07,2025-05-03,6,2,1 mes gratis,Verano Active,51
60,Referido,Comercial_7,61,2026-05-05,2026-06-12,3,0,1 mes gratis,San Valentín Fit,33
61,Referido,Comercial_4,61,2025-12-19,2026-01-19,2,3,1 mes gratis,Campaña Local,25
62,Web,Comercial_1,47,2025-05-03,2025-07-02,5,1,Precio especial online,San Valentín Fit,53
63,Influencer,Comercial_6,45,2026-03-21,2026-03-30,7,1,1 mes gratis,Campaña Local,6
64,Redes Sociales,Comercial_5,60,2025-09-07,2025-10-24,0,3,Precio especial online,Vuelta al Cole,36
65,Redes Sociales,Comercial_6,63,2026-03-28,2026-05-02,5,3,Descuento 20%,Orgánico,32
66,Influencer,Comercial_3,49,2026-04-14,2026-06-12,1,1,Sin matrícula,Black Friday,53
67,Influencer,Comercial_7,63,2022-04-06,2022-05-11,2,0,Pack Familiar,Orgánico,23
68,Publicidad exterior,Comercial_6,44,2026-05-03,2026-06-12,1,3,2x1 primer trimestre,San Valentín Fit,33
69,Google Ads,Comercial_7,45,2025-10-05,2025-11-24,5,0,1 mes gratis,San Valentín Fit,41
70,Redes Sociales,Comercial_3,58,2026-06-09,2026-06-12,0,1,1 mes gratis,Vuelta al Cole,1
71,Evento,Comercial_5,32,2025-10-25,2025-10-28,0,2,2x1 primer trimestre,San Valentín Fit,2
72,Publicidad exterior,Comercial_8,56,2023-06-06,2023-06-07,1,3,Ninguna,Campaña Local,1
73,Google Ads,Comercial_1,62,2022-06-29,2022-08-04,4,0,Precio especial online,Enero Nuevo Año,33
74,Publicidad exterior,Comercial_2,29,2023-11-16,2023-11-21,1,1,Pack Familiar,Vuelta al Cole,2
75,Redes Sociales,Comercial_7,50,2024-04-30,2024-06-03,1,2,Precio especial online,Vuelta al Cole,28
76,Referido,Comercial_3,51,2026-01-01,2026-01-29,2,3,Pack Familiar,Black Friday,23
77,Google Ads,Comercial_6,71,2025-11-23,2025-12-28,8,2,Ninguna,Black Friday,24
78,Visita directa,Comercial_6,51,2025-12-26,2026-02-05,3,1,Sin matrícula,Orgánico,31
79,Evento,Comercial_7,59,2026-03-13,2026-04-30,0,0,Descuento 20%,San Valentín Fit,24
80,Email Marketing,Comercial_1,100,2025-06-21,2025-06-30,4,1,2x1 primer trimestre,Orgánico,5
81,Email Marketing,Comercial_3,78,2023-12-28,2024-02-16,1,0,Sin matrícula,Black Friday,28
82,Google Ads,Comercial_4,44,2026-01-08,2026-01-25,3,2,Ninguna,Black Friday,9
83,Referido,Comercial_6,49,2026-03-17,2026-04-12,7,1,Sin matrícula,Orgánico,24
84,Referido,Comercial_5,61,2025-11-11,2025-12-26,0,3,1 mes gratis,Orgánico,23
85,Visita directa,Comercial_7,50,2021-12-30,2022-02-18,1,1,Precio especial online,Campaña Local,46
86,Web,Comercial_7,85,2025-11-13,2026-01-12,0,2,Pack Familiar,Enero Nuevo Año,39
87,Publicidad exterior,Comercial_3,72,2026-03-31,2026-05-07,0,3,Sin matrícula,Orgánico,29
88,Referido,Comercial_4,73,2025-04-12,2025-05-15,6,2,Ninguna,Vuelta al Cole,18
89,Web,Comercial_7,72,2025-11-25,2025-12-17,4,0,Sin matrícula,San Valentín Fit,15
90,Redes Sociales,Comercial_3,72,2023-10-05,2023-11-19,7,1,Sin matrícula,Vuelta al Cole,37
91,Influencer,Comercial_4,14,2025-06-19,2025-07-02,3,0,Descuento 20%,Orgánico,9
92,Referido,Comercial_2,44,2026-02-15,2026-03-31,6,3,Descuento 20%,Black Friday,26
93,Email Marketing,Comercial_3,58,2026-05-20,2026-06-12,5,3,Pack Familiar,Verano Active,16
94,Publicidad exterior,Comercial_4,59,2025-05-31,2025-07-30,5,1,Ninguna,Campaña Local,55
95,Redes Sociales,Comercial_5,57,2022-09-03,2022-09-11,0,2,Precio especial online,Orgánico,4
96,Evento,Comercial_1,44,2025-01-14,2025-02-12,5,1,Precio especial online,San Valentín Fit,17
97,Evento,Comercial_3,45,2024-02-20,2024-03-26,0,3,Pack Familiar,Campaña Local,26
98,Redes Sociales,Comercial_1,64,2024-06-10,2024-06-27,4,1,Ninguna,Campaña Local,13
99,Referido,Comercial_7,27,2024-07-26,2024-07-30,4,2,Ninguna,Enero Nuevo Año,2
100,Visita directa,Comercial_4,71,2023-09-26,2023-11-21,6,0,Descuento 20%,Vuelta al Cole,52
101,Evento,Comercial_1,70,2026-03-28,2026-05-02,0,1,Pack Familiar,Black Friday,23
102,Redes Sociales,Comercial_1,58,2022-04-04,2022-04-30,5,2,Descuento 20%,Campaña Local,16
103,Email Marketing,Comercial_7,64,2023-11-16,2023-12-19,0,2,2x1 primer trimestre,Verano Active,22
104,Redes Sociales,Comercial_2,69,2025-11-12,2025-12-08,6,1,Sin matrícula,Verano Active,20
105,Google Ads,Comercial_8,93,2026-03-06,2026-04-03,8,1,2x1 primer trimestre,Campaña Local,15
106,Publicidad exterior,Comercial_3,56,2025-10-29,2025-12-03,4,1,Sin matrícula,Orgánico,20
107,Referido,Comercial_2,56,2025-07-04,2025-09-02,2,2,Ninguna,Verano Active,51
108,Google Ads,Comercial_7,55,2024-01-14,2024-03-03,6,2,Sin matrícula,Campaña Local,47
109,Redes Sociales,Comercial_4,44,2025-09-28,2025-11-25,1,1,2x1 primer trimestre,Enero Nuevo Año,51
110,Email Marketing,Comercial_4,45,2024-08-07,2024-09-16,3,1,Precio especial online,Enero Nuevo Año,27
111,Evento,Comercial_6,69,2022-04-08,2022-05-23,2,3,Sin matrícula,Vuelta al Cole,25
112,Publicidad exterior,Comercial_1,47,2026-05-14,2026-05-27,6,0,Descuento 20%,Vuelta al Cole,7
113,Referido,Comercial_3,89,2025-09-06,2025-10-19,7,3,Precio especial online,Black Friday,40
114,Publicidad exterior,Comercial_7,46,2024-03-08,2024-05-04,6,0,Pack Familiar,Campaña Local,51
115,Influencer,Comercial_1,44,2024-02-24,2024-04-11,8,0,Sin matrícula,Vuelta al Cole,42
116,Publicidad exterior,Comercial_7,75,2025-09-20,2025-09-23,0,3,Pack Familiar,Orgánico,2
117,Email Marketing,Comercial_5,61,2023-08-15,2023-08-19,7,1,Sin matrícula,Black Friday,3
118,Influencer,Comercial_3,68,2025-10-28,2025-11-01,7,3,1 mes gratis,Campaña Local,3
119,Influencer,Comercial_3,61,2025-02-05,2025-02-17,6,3,Descuento 20%,Vuelta al Cole,6
120,Publicidad exterior,Comercial_8,23,2026-04-12,2026-05-12,1,2,Descuento 20%,Campaña Local,24
121,Referido,Comercial_2,64,2025-11-22,2026-01-07,1,3,Precio especial online,Black Friday,24
122,Visita directa,Comercial_3,28,2026-01-25,2026-03-12,6,3,1 mes gratis,Orgánico,26
123,Redes Sociales,Comercial_3,39,2022-09-28,2022-10-20,2,1,Ninguna,Campaña Local,11
124,Email Marketing,Comercial_8,56,2021-06-23,2021-07-13,4,1,1 mes gratis,Verano Active,19
125,Evento,Comercial_8,46,2024-08-06,2024-08-07,7,0,Pack Familiar,Vuelta al Cole,1
126,Evento,Comercial_8,49,2026-05-05,2026-06-12,6,3,1 mes gratis,San Valentín Fit,30
127,Influencer,Comercial_4,76,2024-02-07,2024-02-23,0,1,2x1 primer trimestre,Enero Nuevo Año,13
128,Redes Sociales,Comercial_1,53,2026-05-02,2026-05-05,4,2,1 mes gratis,Enero Nuevo Año,1
129,Influencer,Comercial_3,68,2024-09-12,2024-09-24,7,2,1 mes gratis,Enero Nuevo Año,10
130,Google Ads,Comercial_7,61,2024-12-23,2025-01-13,1,3,Ninguna,San Valentín Fit,11
131,Email Marketing,Comercial_6,77,2025-04-12,2025-05-13,8,3,Pack Familiar,Verano Active,26
132,Web,Comercial_2,82,2025-07-26,2025-09-04,8,0,Sin matrícula,Campaña Local,33
133,Visita directa,Comercial_6,59,2025-10-20,2025-12-19,4,2,2x1 primer trimestre,San Valentín Fit,46
134,Evento,Comercial_8,41,2026-05-08,2026-06-11,2,1,Precio especial online,Black Friday,33
135,Referido,Comercial_4,80,2026-05-15,2026-05-16,6,3,1 mes gratis,Black Friday,1
136,Publicidad exterior,Comercial_1,69,2023-01-03,2023-02-24,3,2,Descuento 20%,Orgánico,27
137,Web,Comercial_2,45,2022-11-03,2022-11-23,5,2,Sin matrícula,Campaña Local,15
138,Redes Sociales,Comercial_4,59,2026-02-07,2026-02-09,5,2,Precio especial online,Vuelta al Cole,1
139,Redes Sociales,Comercial_8,65,2025-08-05,2025-09-26,8,2,Sin matrícula,Orgánico,47
140,Web,Comercial_5,58,2024-12-28,2025-02-26,5,0,2x1 primer trimestre,San Valentín Fit,50
141,Referido,Comercial_3,81,2026-04-19,2026-06-10,4,0,Descuento 20%,Vuelta al Cole,42
142,Redes Sociales,Comercial_7,49,2025-12-12,2026-02-04,2,0,Ninguna,Orgánico,47
143,Email Marketing,Comercial_7,80,2025-12-23,2026-02-07,1,3,2x1 primer trimestre,Black Friday,33
144,Publicidad exterior,Comercial_5,49,2022-12-15,2023-01-04,2,0,Descuento 20%,Orgánico,10
145,Web,Comercial_8,70,2023-11-01,2023-11-14,8,1,2x1 primer trimestre,Black Friday,12
146,Influencer,Comercial_5,53,2025-08-12,2025-09-28,5,1,Ninguna,Orgánico,25
147,Web,Comercial_8,60,2025-02-23,2025-03-29,6,0,1 mes gratis,Black Friday,32
148,Referido,Comercial_6,60,2025-03-08,2025-04-21,7,0,1 mes gratis,San Valentín Fit,38
149,Email Marketing,Comercial_4,54,2025-02-11,2025-03-31,5,1,2x1 primer trimestre,Black Friday,30
150,Evento,Comercial_2,75,2023-12-26,2024-01-16,4,1,2x1 primer trimestre,Black Friday,11
151,Influencer,Comercial_6,51,2025-09-23,2025-11-02,8,2,Descuento 20%,Verano Active,38
152,Email Marketing,Comercial_4,62,2025-02-17,2025-04-10,2,0,Descuento 20%,San Valentín Fit,49
153,Evento,Comercial_1,54,2025-01-08,2025-02-12,1,3,1 mes gratis,Enero Nuevo Año,24
154,Evento,Comercial_6,67,2024-11-23,2024-12-05,4,2,Ninguna,Verano Active,10
155,Evento,Comercial_3,69,2024-04-02,2024-05-15,1,3,1 mes gratis,Vuelta al Cole,28
156,Evento,Comercial_8,44,2025-09-04,2025-10-16,3,1,2x1 primer trimestre,Orgánico,39
157,Google Ads,Comercial_6,76,2024-08-09,2024-08-26,7,3,1 mes gratis,Enero Nuevo Año,12
158,Evento,Comercial_8,45,2025-09-25,2025-10-18,2,2,Ninguna,Black Friday,18
159,Referido,Comercial_6,47,2026-04-30,2026-05-09,8,0,Ninguna,Black Friday,6
160,Visita directa,Comercial_4,56,2026-05-17,2026-06-12,3,1,Sin matrícula,Vuelta al Cole,13
161,Visita directa,Comercial_6,64,2026-01-23,2026-02-06,8,1,2x1 primer trimestre,Campaña Local,11
162,Evento,Comercial_2,41,2025-07-21,2025-09-07,7,2,Pack Familiar,Enero Nuevo Año,43
163,Referido,Comercial_7,51,2026-02-16,2026-02-28,5,3,Precio especial online,Campaña Local,6
164,Redes Sociales,Comercial_1,71,2026-05-29,2026-06-12,2,1,Sin matrícula,San Valentín Fit,9
165,Google Ads,Comercial_5,46,2026-05-03,2026-06-12,4,3,Precio especial online,Black Friday,39
166,Web,Comercial_7,62,2024-08-20,2024-09-27,2,2,1 mes gratis,Black Friday,36
167,Google Ads,Comercial_2,83,2026-05-20,2026-05-24,4,0,2x1 primer trimestre,Vuelta al Cole,3
168,Google Ads,Comercial_7,46,2026-02-28,2026-03-26,6,3,Sin matrícula,San Valentín Fit,15
169,Visita directa,Comercial_6,58,2025-12-29,2026-01-10,6,1,Descuento 20%,Orgánico,10
170,Web,Comercial_2,65,2023-09-18,2023-09-27,0,1,Precio especial online,Vuelta al Cole,7
171,Visita directa,Comercial_8,78,2023-08-26,2023-09-04,6,1,Sin matrícula,San Valentín Fit,6
172,Evento,Comercial_7,69,2022-07-13,2022-09-04,5,1,2x1 primer trimestre,Vuelta al Cole,42
173,Influencer,Comercial_5,29,2025-03-10,2025-04-16,6,2,1 mes gratis,Enero Nuevo Año,29
174,Google Ads,Comercial_2,58,2025-11-02,2025-12-18,7,0,2x1 primer trimestre,Campaña Local,39
175,Evento,Comercial_2,78,2025-02-02,2025-03-29,8,0,2x1 primer trimestre,Vuelta al Cole,44
176,Referido,Comercial_5,61,2026-03-08,2026-04-20,0,2,Pack Familiar,Orgánico,21
177,Google Ads,Comercial_7,52,2024-12-18,2025-01-17,5,2,Descuento 20%,Verano Active,15
178,Email Marketing,Comercial_5,53,2024-10-23,2024-12-22,0,3,Pack Familiar,Verano Active,47
179,Web,Comercial_5,89,2024-12-03,2025-01-15,7,0,2x1 primer trimestre,San Valentín Fit,23
180,Email Marketing,Comercial_5,63,2026-03-31,2026-05-21,2,2,Descuento 20%,Orgánico,32
181,Redes Sociales,Comercial_8,58,2025-05-04,2025-06-21,5,1,Descuento 20%,Orgánico,40
182,Redes Sociales,Comercial_1,70,2025-11-14,2025-12-16,5,0,2x1 primer trimestre,San Valentín Fit,30
183,Visita directa,Comercial_7,76,2025-08-20,2025-08-30,3,3,Precio especial online,Campaña Local,5
184,Google Ads,Comercial_1,38,2025-09-14,2025-10-21,4,0,1 mes gratis,Verano Active,27
185,Influencer,Comercial_4,52,2025-11-24,2025-12-25,6,3,Sin matrícula,Black Friday,17
186,Visita directa,Comercial_1,86,2026-04-17,2026-06-12,4,3,Sin matrícula,Campaña Local,36
187,Influencer,Comercial_6,53,2025-11-03,2025-12-07,6,2,Descuento 20%,Black Friday,21
188,Email Marketing,Comercial_7,61,2024-01-28,2024-02-04,7,1,Precio especial online,Campaña Local,5
189,Redes Sociales,Comercial_6,31,2025-05-04,2025-05-17,8,0,Precio especial online,Enero Nuevo Año,11
190,Visita directa,Comercial_2,47,2024-05-26,2024-05-27,8,0,Precio especial online,Vuelta al Cole,1
191,Web,Comercial_2,57,2025-01-27,2025-03-15,0,1,Pack Familiar,Campaña Local,26
192,Referido,Comercial_3,68,2026-02-06,2026-02-14,6,1,1 mes gratis,Campaña Local,4
193,Evento,Comercial_5,30,2025-02-14,2025-03-05,6,2,Descuento 20%,Verano Active,16
194,Web,Comercial_7,53,2026-02-16,2026-03-06,6,2,1 mes gratis,Black Friday,17
195,Publicidad exterior,Comercial_7,67,2025-11-02,2025-11-19,2,3,1 mes gratis,Verano Active,13
196,Publicidad exterior,Comercial_2,65,2026-03-10,2026-04-07,7,2,1 mes gratis,Enero Nuevo Año,15
197,Web,Comercial_8,48,2026-01-27,2026-03-05,2,0,1 mes gratis,Campaña Local,25
198,Google Ads,Comercial_7,38,2026-06-02,2026-06-12,0,3,Sin matrícula,Vuelta al Cole,7
199,Influencer,Comercial_4,65,2025-07-13,2025-08-29,0,3,Precio especial online,Orgánico,41
200,Influencer,Comercial_6,39,2024-03-13,2024-03-21,5,2,Sin matrícula,Enero Nuevo Año,6
201,Google Ads,Comercial_2,72,2025-11-17,2025-12-29,7,2,Precio especial online,Verano Active,24
202,Visita directa,Comercial_4,63,2026-06-09,2026-06-12,4,3,1 mes gratis,Campaña Local,2
203,Publicidad exterior,Comercial_3,83,2025-10-03,2025-11-04,0,1,1 mes gratis,Campaña Local,31
204,Evento,Comercial_7,78,2025-10-17,2025-11-02,1,2,Sin matrícula,San Valentín Fit,15
205,Web,Comercial_6,22,2025-02-27,2025-04-20,0,2,Ninguna,Campaña Local,27
206,Publicidad exterior,Comercial_8,79,2025-09-19,2025-09-27,8,1,Precio especial online,San Valentín Fit,4
207,Web,Comercial_8,68,2025-08-22,2025-08-27,0,1,Precio especial online,Campaña Local,2
208,Web,Comercial_5,53,2026-02-10,2026-02-22,1,3,Pack Familiar,Verano Active,11
209,Evento,Comercial_4,62,2024-10-12,2024-10-17,1,1,Sin matrícula,Black Friday,4
210,Visita directa,Comercial_6,54,2021-12-03,2022-01-20,1,1,Descuento 20%,Orgánico,47
211,Google Ads,Comercial_2,57,2026-05-29,2026-06-12,1,2,2x1 primer trimestre,Orgánico,9
212,Google Ads,Comercial_3,37,2024-07-13,2024-08-27,7,1,Pack Familiar,Enero Nuevo Año,25
213,Redes Sociales,Comercial_1,74,2026-01-04,2026-02-24,7,0,1 mes gratis,Enero Nuevo Año,30
214,Email Marketing,Comercial_7,49,2026-01-22,2026-01-28,7,1,2x1 primer trimestre,Verano Active,4
215,Redes Sociales,Comercial_1,44,2025-08-20,2025-09-23,2,3,Pack Familiar,Enero Nuevo Año,27
216,Email Marketing,Comercial_6,61,2025-11-07,2025-12-28,6,0,Pack Familiar,Verano Active,30
217,Influencer,Comercial_4,87,2025-12-20,2026-01-23,7,1,Descuento 20%,Enero Nuevo Año,20
218,Redes Sociales,Comercial_8,55,2022-02-16,2022-04-08,7,1,2x1 primer trimestre,Campaña Local,49
219,Visita directa,Comercial_5,56,2026-06-08,2026-06-12,5,3,1 mes gratis,Enero Nuevo Año,3
220,Influencer,Comercial_3,42,2024-10-08,2024-12-07,2,0,Sin matrícula,San Valentín Fit,33
221,Google Ads,Comercial_7,66,2025-08-02,2025-09-29,3,2,2x1 primer trimestre,Orgánico,32
222,Referido,Comercial_4,71,2026-02-04,2026-02-19,6,1,Sin matrícula,Verano Active,8
223,Redes Sociales,Comercial_4,19,2026-03-01,2026-04-08,7,1,Sin matrícula,Black Friday,21
224,Publicidad exterior,Comercial_6,65,2025-07-31,2025-09-16,4,1,Descuento 20%,Verano Active,24
225,Evento,Comercial_8,68,2025-08-28,2025-10-04,6,1,Ninguna,Black Friday,22
226,Redes Sociales,Comercial_3,61,2022-10-29,2022-11-17,8,1,1 mes gratis,Vuelta al Cole,17
227,Evento,Comercial_8,66,2024-08-21,2024-09-22,4,0,Precio especial online,Vuelta al Cole,27
228,Publicidad exterior,Comercial_6,59,2025-06-13,2025-06-29,6,1,Pack Familiar,Verano Active,15
229,Web,Comercial_8,100,2026-04-10,2026-06-07,8,0,Sin matrícula,San Valentín Fit,40
230,Referido,Comercial_8,55,2026-02-10,2026-04-03,7,1,1 mes gratis,San Valentín Fit,45
231,Redes Sociales,Comercial_6,57,2026-03-22,2026-05-06,4,1,Precio especial online,Enero Nuevo Año,22
232,Email Marketing,Comercial_3,14,2024-11-10,2024-12-23,7,0,Sin matrícula,Vuelta al Cole,38
233,Google Ads,Comercial_8,51,2026-03-15,2026-05-10,0,0,Sin matrícula,Campaña Local,37
234,Email Marketing,Comercial_7,52,2025-04-14,2025-04-17,4,1,Ninguna,Campaña Local,1
235,Influencer,Comercial_6,45,2024-12-22,2025-02-17,0,0,Sin matrícula,Black Friday,41
236,Google Ads,Comercial_6,95,2025-12-21,2025-12-24,2,0,Pack Familiar,Campaña Local,2
237,Referido,Comercial_8,76,2026-01-22,2026-01-31,3,1,Descuento 20%,Black Friday,8
238,Visita directa,Comercial_5,60,2023-09-30,2023-11-02,0,0,Descuento 20%,Black Friday,23
239,Influencer,Comercial_5,55,2026-05-10,2026-06-12,7,2,Ninguna,Campaña Local,32
240,Referido,Comercial_4,60,2026-04-21,2026-06-12,7,0,1 mes gratis,Vuelta al Cole,49
241,Redes Sociales,Comercial_5,60,2025-10-29,2025-11-17,1,1,Sin matrícula,Verano Active,17
242,Web,Comercial_5,57,2022-09-19,2022-10-23,6,1,Sin matrícula,Black Friday,24
243,Referido,Comercial_1,47,2026-02-03,2026-03-23,3,2,Sin matrícula,San Valentín Fit,32
244,Google Ads,Comercial_8,51,2025-01-14,2025-02-25,8,3,Sin matrícula,Black Friday,32
245,Email Marketing,Comercial_4,61,2025-12-28,2026-02-24,7,2,Descuento 20%,Orgánico,53
246,Google Ads,Comercial_5,52,2025-10-02,2025-10-12,7,1,Pack Familiar,Verano Active,8
247,Redes Sociales,Comercial_3,66,2025-10-12,2025-10-31,3,0,1 mes gratis,Black Friday,14
248,Email Marketing,Comercial_6,58,2026-04-08,2026-05-07,2,1,Pack Familiar,Campaña Local,15
249,Evento,Comercial_3,71,2026-03-07,2026-03-28,8,2,1 mes gratis,Enero Nuevo Año,14
250,Redes Sociales,Comercial_8,57,2024-04-19,2024-05-21,5,1,1 mes gratis,Campaña Local,24
251,Evento,Comercial_5,52,2024-06-11,2024-07-14,2,3,Descuento 20%,Campaña Local,18
252,Web,Comercial_3,70,2026-03-01,2026-04-01,8,0,Descuento 20%,Enero Nuevo Año,21
253,Google Ads,Comercial_1,68,2026-02-06,2026-04-01,3,1,Ninguna,Orgánico,34
254,Referido,Comercial_8,78,2021-07-11,2021-07-13,1,3,2x1 primer trimestre,Vuelta al Cole,1
255,Google Ads,Comercial_7,49,2022-02-14,2022-03-25,2,3,Descuento 20%,Vuelta al Cole,26
256,Google Ads,Comercial_6,57,2026-02-17,2026-03-08,4,3,Ninguna,San Valentín Fit,10
257,Visita directa,Comercial_8,81,2025-04-17,2025-06-03,4,1,Ninguna,Campaña Local,46
258,Visita directa,Comercial_3,40,2025-05-10,2025-06-07,1,1,2x1 primer trimestre,Black Friday,20
259,Visita directa,Comercial_2,47,2026-02-14,2026-04-11,0,3,Precio especial online,Black Friday,39
260,Evento,Comercial_3,60,2023-06-20,2023-07-26,3,1,Ninguna,Vuelta al Cole,23
261,Email Marketing,Comercial_8,89,2022-06-25,2022-07-27,8,3,2x1 primer trimestre,Enero Nuevo Año,28
262,Email Marketing,Comercial_5,59,2022-07-27,2022-08-06,7,0,Precio especial online,Campaña Local,9
263,Publicidad exterior,Comercial_1,69,2026-04-05,2026-05-02,1,2,Sin matrícula,Enero Nuevo Año,21
264,Evento,Comercial_7,87,2025-01-02,2025-01-26,4,3,Precio especial online,Orgánico,13
265,Email Marketing,Comercial_3,59,2025-03-22,2025-04-24,0,1,Descuento 20%,Vuelta al Cole,30
266,Google Ads,Comercial_3,59,2026-04-15,2026-04-24,0,2,Descuento 20%,Vuelta al Cole,7
267,Referido,Comercial_4,75,2024-08-17,2024-09-09,2,0,Pack Familiar,Orgánico,13
268,Google Ads,Comercial_5,58,2026-05-22,2026-06-12,4,2,1 mes gratis,San Valentín Fit,16
269,Email Marketing,Comercial_6,71,2025-10-22,2025-12-14,7,3,Descuento 20%,Verano Active,29
270,Influencer,Comercial_4,73,2026-02-27,2026-03-09,3,0,Sin matrícula,Vuelta al Cole,9
271,Evento,Comercial_6,71,2026-03-23,2026-03-31,4,2,2x1 primer trimestre,Orgánico,5
272,Influencer,Comercial_6,32,2024-01-27,2024-03-06,2,2,1 mes gratis,Campaña Local,35
273,Publicidad exterior,Comercial_5,69,2026-05-19,2026-06-03,2,1,2x1 primer trimestre,Enero Nuevo Año,10
274,Referido,Comercial_2,71,2026-04-24,2026-06-12,0,3,Ninguna,Vuelta al Cole,25
275,Web,Comercial_8,82,2025-03-18,2025-03-25,1,2,1 mes gratis,Enero Nuevo Año,4
276,Referido,Comercial_2,59,2026-02-25,2026-02-26,3,1,2x1 primer trimestre,Campaña Local,1
277,Email Marketing,Comercial_6,69,2023-10-14,2023-10-20,5,1,Ninguna,San Valentín Fit,5
278,Publicidad exterior,Comercial_2,72,2026-05-03,2026-06-12,1,0,Pack Familiar,Verano Active,34
279,Web,Comercial_2,74,2025-11-26,2025-12-15,3,3,Descuento 20%,Campaña Local,15
280,Referido,Comercial_3,89,2024-08-01,2024-08-30,5,3,Sin matrícula,Verano Active,21
281,Referido,Comercial_8,100,2022-05-10,2022-06-06,1,1,Sin matrícula,Orgánico,18
282,Influencer,Comercial_1,82,2025-12-30,2026-01-18,1,2,Sin matrícula,Enero Nuevo Año,13
283,Evento,Comercial_4,50,2026-02-06,2026-03-08,8,3,Descuento 20%,Orgánico,21
284,Referido,Comercial_8,57,2025-10-22,2025-12-16,5,1,1 mes gratis,Campaña Local,41
285,Referido,Comercial_2,45,2026-03-09,2026-03-16,2,3,Sin matrícula,Campaña Local,5
286,Redes Sociales,Comercial_2,71,2023-07-05,2023-07-12,5,1,Descuento 20%,Verano Active,5
287,Evento,Comercial_5,80,2025-08-15,2025-09-10,4,3,Descuento 20%,Vuelta al Cole,21
288,Evento,Comercial_5,82,2026-05-17,2026-06-12,2,3,1 mes gratis,Enero Nuevo Año,16
289,Web,Comercial_2,60,2026-03-24,2026-04-25,0,0,Sin matrícula,Campaña Local,16
290,Visita directa,Comercial_6,100,2026-01-25,2026-02-06,2,2,Pack Familiar,San Valentín Fit,6
291,Evento,Comercial_8,52,2025-06-15,2025-06-20,3,2,Precio especial online,Vuelta al Cole,3
292,Influencer,Comercial_6,48,2025-05-21,2025-06-07,8,0,Ninguna,Enero Nuevo Año,16
293,Google Ads,Comercial_7,69,2024-10-05,2024-12-01,7,3,1 mes gratis,Enero Nuevo Año,33
294,Email Marketing,Comercial_3,56,2025-11-10,2025-12-23,7,3,2x1 primer trimestre,Black Friday,36
295,Evento,Comercial_8,68,2022-08-13,2022-09-14,7,1,Pack Familiar,Enero Nuevo Año,22
296,Visita directa,Comercial_6,39,2025-10-23,2025-11-24,4,2,1 mes gratis,Enero Nuevo Año,25
297,Web,Comercial_6,66,2025-09-30,2025-10-09,6,0,Sin matrícula,Black Friday,8
298,Google Ads,Comercial_1,55,2026-02-25,2026-03-24,3,1,2x1 primer trimestre,Campaña Local,17
299,Email Marketing,Comercial_2,58,2026-04-16,2026-04-22,5,1,1 mes gratis,San Valentín Fit,3
300,Visita directa,Comercial_7,56,2024-03-07,2024-04-06,4,0,Precio especial online,Vuelta al Cole,23
301,Referido,Comercial_8,52,2026-05-19,2026-06-09,1,1,Descuento 20%,Vuelta al Cole,15
302,Google Ads,Comercial_3,79,2022-08-06,2022-09-24,4,2,Sin matrícula,Verano Active,36
303,Influencer,Comercial_4,61,2025-10-17,2025-12-11,4,2,1 mes gratis,Black Friday,54
304,Publicidad exterior,Comercial_2,58,2024-05-04,2024-05-30,1,2,Descuento 20%,Enero Nuevo Año,20
305,Referido,Comercial_5,47,2025-01-30,2025-03-05,8,2,Sin matrícula,Campaña Local,26
306,Visita directa,Comercial_7,59,2025-04-08,2025-04-21,4,3,Precio especial online,Orgánico,10
307,Redes Sociales,Comercial_8,91,2023-08-07,2023-10-03,3,3,Descuento 20%,Campaña Local,43
308,Visita directa,Comercial_1,65,2026-01-05,2026-02-14,8,1,Descuento 20%,Vuelta al Cole,22
309,Visita directa,Comercial_7,54,2026-06-02,2026-06-12,5,0,Precio especial online,Verano Active,9
310,Email Marketing,Comercial_3,41,2024-07-31,2024-08-18,4,1,Sin matrícula,Verano Active,10
311,Email Marketing,Comercial_8,87,2025-11-04,2025-11-17,7,3,Sin matrícula,Campaña Local,12
312,Redes Sociales,Comercial_5,70,2026-05-30,2026-06-12,2,0,Descuento 20%,Orgánico,11
313,Web,Comercial_8,36,2026-02-14,2026-03-29,0,0,Ninguna,Enero Nuevo Año,28
314,Referido,Comercial_7,54,2026-01-14,2026-02-03,5,0,Sin matrícula,Orgánico,17
315,Influencer,Comercial_2,58,2026-06-03,2026-06-12,8,2,Sin matrícula,Enero Nuevo Año,5
316,Google Ads,Comercial_6,76,2022-08-17,2022-08-25,6,1,Sin matrícula,Verano Active,4
317,Visita directa,Comercial_5,53,2025-05-22,2025-06-03,0,3,Pack Familiar,Black Friday,10
318,Google Ads,Comercial_7,62,2024-08-01,2024-08-09,7,1,Descuento 20%,Orgánico,7
319,Email Marketing,Comercial_1,52,2025-12-27,2026-01-20,0,0,Precio especial online,Orgánico,20
320,Influencer,Comercial_7,60,2025-01-16,2025-02-02,4,2,Ninguna,Campaña Local,9
321,Web,Comercial_7,51,2026-03-05,2026-04-30,4,2,1 mes gratis,Orgánico,49
322,Publicidad exterior,Comercial_3,75,2023-09-30,2023-10-20,7,2,Ninguna,Orgánico,16
323,Evento,Comercial_8,77,2022-04-20,2022-06-10,6,2,Precio especial online,Vuelta al Cole,47
324,Referido,Comercial_3,68,2025-10-09,2025-12-01,4,0,Descuento 20%,Vuelta al Cole,42
325,Web,Comercial_1,42,2025-03-15,2025-05-07,2,3,Ninguna,Campaña Local,30
326,Publicidad exterior,Comercial_5,45,2025-09-03,2025-09-29,5,0,1 mes gratis,Verano Active,16
327,Redes Sociales,Comercial_7,93,2026-03-03,2026-04-18,5,3,Sin matrícula,Orgánico,39
328,Redes Sociales,Comercial_6,56,2025-06-02,2025-06-19,4,1,1 mes gratis,Vuelta al Cole,11
329,Publicidad exterior,Comercial_1,75,2026-05-17,2026-06-12,0,1,1 mes gratis,Vuelta al Cole,15
330,Redes Sociales,Comercial_1,33,2025-05-01,2025-06-15,6,3,Pack Familiar,Black Friday,25
331,Web,Comercial_7,65,2025-01-20,2025-02-13,7,3,1 mes gratis,Verano Active,20
332,Email Marketing,Comercial_5,71,2026-05-18,2026-05-31,7,3,2x1 primer trimestre,Vuelta al Cole,12
333,Publicidad exterior,Comercial_7,68,2025-07-18,2025-08-26,2,3,Ninguna,Verano Active,20
334,Publicidad exterior,Comercial_8,83,2023-06-20,2023-07-07,3,2,Pack Familiar,Campaña Local,14
335,Google Ads,Comercial_7,65,2025-02-20,2025-02-26,3,3,Precio especial online,Vuelta al Cole,5
336,Referido,Comercial_2,64,2025-09-16,2025-10-03,8,0,1 mes gratis,Black Friday,16
337,Web,Comercial_1,100,2024-12-28,2025-01-28,4,3,Descuento 20%,Vuelta al Cole,25
338,Influencer,Comercial_1,21,2024-07-18,2024-07-27,2,2,2x1 primer trimestre,San Valentín Fit,6
339,Google Ads,Comercial_7,70,2024-05-17,2024-06-08,2,2,1 mes gratis,Black Friday,11
340,Evento,Comercial_5,48,2026-01-17,2026-01-26,5,3,Descuento 20%,Black Friday,7
341,Visita directa,Comercial_3,75,2021-11-22,2022-01-10,5,3,Ninguna,Verano Active,38
342,Evento,Comercial_1,46,2025-01-19,2025-03-20,3,1,1 mes gratis,Verano Active,35
343,Visita directa,Comercial_2,53,2025-07-16,2025-08-16,7,0,Sin matrícula,Black Friday,30
344,Evento,Comercial_8,82,2025-08-16,2025-09-21,7,0,Ninguna,Campaña Local,33
345,Email Marketing,Comercial_3,57,2026-04-15,2026-04-23,2,2,Pack Familiar,Campaña Local,6
346,Web,Comercial_3,59,2025-01-24,2025-03-03,6,0,2x1 primer trimestre,Orgánico,28
347,Referido,Comercial_7,55,2026-06-05,2026-06-12,5,0,Ninguna,Black Friday,4
348,Evento,Comercial_8,56,2026-06-06,2026-06-12,7,2,Pack Familiar,Campaña Local,3
349,Google Ads,Comercial_3,38,2022-05-23,2022-05-26,3,0,Ninguna,Campaña Local,1
350,Web,Comercial_2,34,2026-01-16,2026-03-09,8,3,1 mes gratis,Vuelta al Cole,32
351,Referido,Comercial_1,84,2024-08-15,2024-08-31,3,1,Sin matrícula,Orgánico,11
352,Redes Sociales,Comercial_2,44,2022-12-11,2023-01-22,4,3,Ninguna,Vuelta al Cole,36
353,Redes Sociales,Comercial_6,57,2025-06-18,2025-08-16,1,2,Pack Familiar,Verano Active,43
354,Visita directa,Comercial_8,86,2023-11-04,2023-12-31,4,3,1 mes gratis,Orgánico,40
355,Visita directa,Comercial_2,50,2024-06-27,2024-07-21,0,2,Sin matrícula,Campaña Local,14
356,Redes Sociales,Comercial_8,52,2025-10-11,2025-11-24,8,0,Descuento 20%,Vuelta al Cole,31
357,Redes Sociales,Comercial_5,64,2023-12-22,2024-02-19,3,3,Descuento 20%,San Valentín Fit,30
358,Web,Comercial_2,48,2026-01-26,2026-01-31,8,3,Sin matrícula,Enero Nuevo Año,3
359,Email Marketing,Comercial_2,55,2023-10-05,2023-11-21,8,0,1 mes gratis,Campaña Local,39
360,Redes Sociales,Comercial_7,45,2024-11-22,2024-12-04,0,0,Sin matrícula,Campaña Local,7
361,Evento,Comercial_5,60,2025-03-04,2025-04-11,5,1,2x1 primer trimestre,Verano Active,20
362,Email Marketing,Comercial_2,35,2024-04-13,2024-05-22,6,0,1 mes gratis,Vuelta al Cole,21
363,Visita directa,Comercial_8,54,2026-06-01,2026-06-12,4,2,Precio especial online,Campaña Local,10
364,Visita directa,Comercial_5,38,2026-04-29,2026-06-12,1,1,2x1 primer trimestre,Enero Nuevo Año,26
365,Web,Comercial_4,100,2025-12-22,2026-02-13,7,1,Precio especial online,Verano Active,38
366,Influencer,Comercial_4,63,2025-11-26,2026-01-06,1,2,Ninguna,Vuelta al Cole,23
367,Redes Sociales,Comercial_8,59,2026-01-16,2026-02-13,7,3,1 mes gratis,Orgánico,20
368,Publicidad exterior,Comercial_5,63,2025-11-07,2025-11-23,6,0,Descuento 20%,Enero Nuevo Año,8
369,Evento,Comercial_5,48,2024-08-10,2024-10-04,0,3,Sin matrícula,Vuelta al Cole,41
370,Evento,Comercial_4,23,2025-09-06,2025-10-23,0,0,Sin matrícula,San Valentín Fit,30
371,Evento,Comercial_2,58,2026-01-12,2026-01-17,7,2,Sin matrícula,Campaña Local,3
372,Email Marketing,Comercial_4,78,2025-12-21,2026-01-01,7,2,Sin matrícula,Verano Active,8
373,Evento,Comercial_3,76,2025-02-08,2025-03-18,4,3,Sin matrícula,Orgánico,36
374,Google Ads,Comercial_8,54,2025-03-12,2025-04-23,2,1,Descuento 20%,Campaña Local,36
375,Redes Sociales,Comercial_8,49,2025-10-14,2025-11-26,1,3,Sin matrícula,Black Friday,26
376,Web,Comercial_1,68,2026-04-16,2026-05-22,5,2,Descuento 20%,Campaña Local,20
377,Referido,Comercial_6,68,2026-01-07,2026-03-01,6,0,Pack Familiar,Verano Active,29
378,Evento,Comercial_5,44,2021-12-03,2021-12-18,5,2,Ninguna,Enero Nuevo Año,13
379,Influencer,Comercial_2,61,2025-07-11,2025-08-16,0,3,Ninguna,Vuelta al Cole,35
380,Referido,Comercial_2,68,2022-03-21,2022-05-09,1,0,Pack Familiar,Enero Nuevo Año,28
381,Redes Sociales,Comercial_5,72,2025-12-29,2026-01-06,7,3,Precio especial online,Orgánico,4
382,Google Ads,Comercial_6,42,2024-10-29,2024-12-10,2,0,Ninguna,Verano Active,30
383,Evento,Comercial_6,60,2025-12-12,2026-01-08,4,1,1 mes gratis,Black Friday,18
384,Visita directa,Comercial_6,49,2026-01-30,2026-03-20,3,1,Ninguna,Orgánico,37
385,Visita directa,Comercial_7,67,2025-07-22,2025-09-11,7,2,1 mes gratis,Vuelta al Cole,29
386,Influencer,Comercial_2,89,2026-02-09,2026-02-10,1,2,Descuento 20%,Vuelta al Cole,1
387,Web,Comercial_3,40,2022-10-05,2022-10-16,0,2,Sin matrícula,Vuelta al Cole,10
388,Influencer,Comercial_5,65,2026-04-24,2026-06-08,5,2,1 mes gratis,Orgánico,28
389,Visita directa,Comercial_8,56,2022-09-15,2022-10-19,3,3,Precio especial online,Black Friday,32
390,Visita directa,Comercial_4,60,2026-04-07,2026-05-28,4,0,1 mes gratis,San Valentín Fit,34
391,Influencer,Comercial_5,49,2025-04-29,2025-06-15,3,0,Pack Familiar,San Valentín Fit,30
392,Redes Sociales,Comercial_1,18,2026-03-01,2026-03-23,0,2,2x1 primer trimestre,Orgánico,19
393,Web,Comercial_6,43,2022-06-12,2022-07-29,4,2,1 mes gratis,Enero Nuevo Año,41
394,Evento,Comercial_5,63,2025-04-05,2025-04-13,0,3,Descuento 20%,Verano Active,7
395,Influencer,Comercial_4,33,2025-04-04,2025-05-12,5,2,Descuento 20%,Campaña Local,33
396,Redes Sociales,Comercial_7,51,2026-01-01,2026-02-16,8,1,1 mes gratis,Black Friday,34
397,Referido,Comercial_3,72,2023-11-15,2023-11-28,6,3,1 mes gratis,Enero Nuevo Año,6
398,Redes Sociales,Comercial_8,44,2026-03-31,2026-05-27,3,3,1 mes gratis,Black Friday,47
399,Visita directa,Comercial_5,37,2023-05-31,2023-06-26,7,3,Sin matrícula,Campaña Local,25
400,Visita directa,Comercial_3,51,2023-11-03,2023-12-05,2,1,Sin matrícula,Campaña Local,23
401,Publicidad exterior,Comercial_8,37,2025-06-03,2025-07-19,7,0,Precio especial online,Verano Active,44
402,Referido,Comercial_7,59,2025-02-02,2025-02-26,1,0,Descuento 20%,San Valentín Fit,15
403,Google Ads,Comercial_5,64,2026-05-09,2026-06-12,4,3,1 mes gratis,Orgánico,19
404,Visita directa,Comercial_1,73,2026-01-13,2026-03-05,4,2,2x1 primer trimestre,Verano Active,46
405,Referido,Comercial_1,87,2022-03-20,2022-04-21,6,3,Pack Familiar,Black Friday,25
406,Google Ads,Comercial_7,64,2024-01-22,2024-03-20,7,1,Ninguna,Verano Active,43
407,Redes Sociales,Comercial_6,64,2025-01-23,2025-02-22,1,3,Sin matrícula,Verano Active,28
408,Influencer,Comercial_1,38,2026-05-04,2026-05-26,7,2,Precio especial online,Enero Nuevo Año,20
409,Email Marketing,Comercial_2,78,2025-10-02,2025-11-17,8,0,2x1 primer trimestre,San Valentín Fit,35
410,Web,Comercial_4,70,2024-07-31,2024-09-18,7,0,1 mes gratis,Campaña Local,47
411,Publicidad exterior,Comercial_4,77,2025-10-03,2025-10-15,7,0,Ninguna,San Valentín Fit,9
412,Web,Comercial_8,58,2025-10-08,2025-11-03,0,2,Sin matrícula,Verano Active,18
413,Referido,Comercial_2,37,2026-04-17,2026-06-12,1,1,Descuento 20%,Verano Active,33
414,Referido,Comercial_3,55,2025-04-18,2025-06-07,4,3,Precio especial online,Verano Active,26
415,Email Marketing,Comercial_7,75,2026-02-11,2026-03-04,1,2,2x1 primer trimestre,Vuelta al Cole,19
416,Visita directa,Comercial_2,88,2026-05-10,2026-05-27,0,1,2x1 primer trimestre,Orgánico,13
417,Visita directa,Comercial_2,37,2023-11-27,2023-12-13,4,0,Descuento 20%,Vuelta al Cole,12
418,Evento,Comercial_1,62,2026-06-07,2026-06-12,6,1,1 mes gratis,Black Friday,3
419,Influencer,Comercial_3,48,2026-03-02,2026-04-09,4,3,Sin matrícula,Enero Nuevo Año,35
420,Publicidad exterior,Comercial_3,56,2026-01-25,2026-02-27,5,1,Ninguna,Verano Active,25
421,Web,Comercial_1,75,2025-10-04,2025-11-01,7,2,Precio especial online,Verano Active,14
422,Evento,Comercial_5,60,2025-03-02,2025-05-01,4,3,Descuento 20%,Orgánico,48
423,Redes Sociales,Comercial_2,58,2026-05-03,2026-06-10,4,0,Sin matrícula,Campaña Local,21
424,Influencer,Comercial_5,44,2024-07-06,2024-07-15,6,1,Pack Familiar,San Valentín Fit,8
425,Email Marketing,Comercial_8,82,2024-07-26,2024-08-16,4,1,Precio especial online,Black Friday,14
426,Google Ads,Comercial_1,30,2025-08-06,2025-09-05,2,0,Pack Familiar,Vuelta al Cole,15
427,Evento,Comercial_7,55,2025-05-05,2025-05-06,8,0,Ninguna,Campaña Local,1
428,Web,Comercial_8,37,2025-01-23,2025-02-27,1,2,Ninguna,Vuelta al Cole,31
429,Web,Comercial_2,39,2026-05-19,2026-06-11,7,2,2x1 primer trimestre,Vuelta al Cole,11
430,Web,Comercial_5,75,2023-07-09,2023-08-26,5,1,1 mes gratis,Orgánico,38
431,Evento,Comercial_6,55,2025-09-05,2025-09-25,0,2,Sin matrícula,Campaña Local,17
432,Web,Comercial_4,57,2025-11-18,2025-12-02,6,0,Ninguna,Black Friday,10
433,Redes Sociales,Comercial_2,58,2025-04-05,2025-05-07,2,0,2x1 primer trimestre,Black Friday,30
434,Publicidad exterior,Comercial_5,65,2025-09-12,2025-11-06,3,0,Precio especial online,Campaña Local,42
435,Web,Comercial_7,42,2026-03-02,2026-03-19,0,2,Sin matrícula,Orgánico,16
436,Referido,Comercial_8,36,2025-10-07,2025-10-25,7,2,Pack Familiar,Orgánico,9
437,Visita directa,Comercial_8,66,2025-01-25,2025-03-13,5,0,Sin matrícula,Verano Active,31
438,Web,Comercial_4,72,2026-04-16,2026-06-12,6,0,2x1 primer trimestre,Verano Active,33
439,Web,Comercial_8,79,2026-01-23,2026-02-12,6,0,Pack Familiar,Orgánico,16
440,Email Marketing,Comercial_4,70,2026-05-21,2026-06-12,1,3,2x1 primer trimestre,Black Friday,20
441,Referido,Comercial_8,39,2025-08-26,2025-10-18,1,3,Pack Familiar,Enero Nuevo Año,28
442,Web,Comercial_7,92,2025-08-07,2025-08-11,5,0,Ninguna,Verano Active,2
443,Visita directa,Comercial_2,50,2026-04-02,2026-05-24,1,0,Pack Familiar,Enero Nuevo Año,33
444,Visita directa,Comercial_2,71,2025-10-09,2025-11-03,6,1,Ninguna,San Valentín Fit,22
445,Visita directa,Comercial_2,65,2026-02-09,2026-03-21,5,0,Sin matrícula,San Valentín Fit,26
446,Referido,Comercial_2,59,2026-04-17,2026-04-30,0,0,Pack Familiar,Orgánico,11
447,Email Marketing,Comercial_6,42,2026-02-13,2026-04-12,6,3,Precio especial online,San Valentín Fit,41
448,Redes Sociales,Comercial_1,56,2023-09-27,2023-10-13,0,1,Descuento 20%,San Valentín Fit,11
449,Influencer,Comercial_3,58,2025-01-28,2025-03-11,2,3,Descuento 20%,San Valentín Fit,28
450,Web,Comercial_3,53,2026-01-07,2026-01-31,0,1,Pack Familiar,Orgánico,22
451,Publicidad exterior,Comercial_4,71,2026-01-17,2026-03-13,1,2,2x1 primer trimestre,Campaña Local,40
452,Evento,Comercial_6,55,2025-08-17,2025-10-01,5,2,Sin matrícula,Black Friday,26
453,Evento,Comercial_4,74,2025-12-30,2026-01-29,0,1,Precio especial online,Verano Active,21
454,Publicidad exterior,Comercial_8,41,2024-07-05,2024-07-19,5,3,2x1 primer trimestre,Vuelta al Cole,8
455,Web,Comercial_2,48,2023-12-25,2023-12-26,2,2,Sin matrícula,Verano Active,1
456,Google Ads,Comercial_1,72,2025-11-02,2025-12-31,0,1,2x1 primer trimestre,Black Friday,34
457,Influencer,Comercial_4,61,2025-07-06,2025-09-01,2,1,1 mes gratis,Verano Active,52
458,Referido,Comercial_1,73,2023-09-19,2023-11-17,2,3,Precio especial online,Orgánico,55
459,Publicidad exterior,Comercial_6,80,2025-10-19,2025-11-10,5,1,Pack Familiar,Orgánico,21
460,Visita directa,Comercial_2,50,2025-08-07,2025-10-03,1,1,2x1 primer trimestre,Orgánico,33
461,Visita directa,Comercial_4,43,2024-05-02,2024-06-06,0,1,Ninguna,San Valentín Fit,22
462,Google Ads,Comercial_4,64,2024-07-14,2024-07-24,0,2,Ninguna,Verano Active,9
463,Referido,Comercial_8,66,2024-10-22,2024-11-29,1,1,Pack Familiar,Vuelta al Cole,33
464,Influencer,Comercial_6,51,2025-04-27,2025-06-08,7,3,2x1 primer trimestre,Black Friday,35
465,Evento,Comercial_8,41,2025-04-27,2025-05-31,4,3,Precio especial online,Orgánico,26
466,Publicidad exterior,Comercial_4,39,2025-01-25,2025-01-28,3,3,Ninguna,Verano Active,2
467,Redes Sociales,Comercial_6,45,2026-05-01,2026-05-21,4,0,2x1 primer trimestre,Orgánico,10
468,Influencer,Comercial_6,70,2026-05-14,2026-06-12,3,0,Sin matrícula,San Valentín Fit,23
469,Google Ads,Comercial_8,38,2025-01-13,2025-02-10,5,2,Sin matrícula,Enero Nuevo Año,16
470,Email Marketing,Comercial_2,59,2026-04-19,2026-05-04,5,0,Descuento 20%,Orgánico,11
471,Publicidad exterior,Comercial_2,42,2026-05-08,2026-06-12,1,0,Descuento 20%,Enero Nuevo Año,27
472,Publicidad exterior,Comercial_6,38,2023-11-15,2023-12-07,4,2,Precio especial online,Orgánico,19
473,Redes Sociales,Comercial_5,56,2025-11-10,2026-01-04,0,2,Descuento 20%,Orgánico,37
474,Visita directa,Comercial_1,81,2026-03-02,2026-03-28,7,1,Ninguna,Vuelta al Cole,15
475,Influencer,Comercial_8,67,2025-02-28,2025-04-16,7,2,Ninguna,Enero Nuevo Año,30
476,Visita directa,Comercial_7,41,2026-05-30,2026-06-12,3,3,Sin matrícula,Orgánico,10
477,Email Marketing,Comercial_1,70,2026-03-12,2026-04-05,7,2,Descuento 20%,Verano Active,17
478,Visita directa,Comercial_5,87,2022-05-20,2022-07-03,5,0,Pack Familiar,Orgánico,22
479,Google Ads,Comercial_7,79,2025-07-23,2025-08-01,6,1,Sin matrícula,Enero Nuevo Año,6
480,Evento,Comercial_2,91,2025-10-26,2025-11-08,5,3,Precio especial online,Black Friday,7
481,Evento,Comercial_1,58,2025-01-12,2025-01-19,2,1,1 mes gratis,Vuelta al Cole,4
482,Email Marketing,Comercial_2,46,2026-04-13,2026-04-28,7,0,Descuento 20%,San Valentín Fit,7
483,Redes Sociales,Comercial_2,72,2025-10-24,2025-11-14,2,3,Sin matrícula,Campaña Local,11
484,Publicidad exterior,Comercial_3,43,2025-04-09,2025-06-06,3,2,Sin matrícula,Orgánico,49
485,Email Marketing,Comercial_4,69,2026-04-20,2026-05-21,8,3,Descuento 20%,Verano Active,15
486,Evento,Comercial_2,83,2026-05-04,2026-05-14,6,1,Pack Familiar,Black Friday,9
487,Web,Comercial_2,47,2026-03-07,2026-05-03,4,3,Descuento 20%,Campaña Local,52
488,Email Marketing,Comercial_7,60,2026-02-12,2026-04-04,2,3,2x1 primer trimestre,Verano Active,48
489,Redes Sociales,Comercial_2,49,2023-08-11,2023-09-27,6,0,2x1 primer trimestre,Orgánico,27
490,Influencer,Comercial_5,67,2025-07-07,2025-09-02,1,1,Sin matrícula,Vuelta al Cole,56
491,Referido,Comercial_6,70,2026-05-07,2026-06-12,6,3,2x1 primer trimestre,Black Friday,21
492,Evento,Comercial_1,73,2026-06-07,2026-06-10,1,3,Sin matrícula,Black Friday,2
493,Email Marketing,Comercial_2,66,2025-04-27,2025-06-21,2,2,Precio especial online,Campaña Local,40
494,Referido,Comercial_2,61,2025-02-10,2025-03-12,8,1,Precio especial online,Vuelta al Cole,17
495,Web,Comercial_2,68,2026-04-20,2026-06-12,2,2,1 mes gratis,San Valentín Fit,46
496,Referido,Comercial_1,71,2025-07-22,2025-08-02,4,1,Sin matrícula,Black Friday,6
497,Publicidad exterior,Comercial_8,79,2024-06-07,2024-07-23,0,0,Sin matrícula,Campaña Local,30
498,Web,Comercial_1,57,2025-10-24,2025-10-28,6,1,2x1 primer trimestre,Black Friday,3
499,Web,Comercial_6,74,2024-08-02,2024-08-15,3,0,2x1 primer trimestre,Enero Nuevo Año,11
500,Redes Sociales,Comercial_3,58,2026-03-06,2026-04-29,0,3,Pack Familiar,Enero Nuevo Año,49
501,Publicidad exterior,Comercial_2,53,2025-08-15,2025-09-30,6,1,Descuento 20%,Orgánico,35
502,Influencer,Comercial_4,54,2025-10-15,2025-12-06,4,2,Descuento 20%,Vuelta al Cole,46
503,Redes Sociales,Comercial_1,35,2025-08-05,2025-08-23,7,1,2x1 primer trimestre,Orgánico,12
504,Web,Comercial_3,50,2025-09-24,2025-10-25,4,2,Ninguna,San Valentín Fit,26
505,Web,Comercial_6,42,2025-09-26,2025-10-20,6,0,Ninguna,Vuelta al Cole,22
506,Influencer,Comercial_4,76,2025-09-04,2025-10-30,0,3,Descuento 20%,San Valentín Fit,29
507,Google Ads,Comercial_2,57,2025-10-27,2025-11-10,2,3,Sin matrícula,Enero Nuevo Año,9
508,Email Marketing,Comercial_2,53,2025-08-19,2025-10-07,5,3,2x1 primer trimestre,San Valentín Fit,42
509,Redes Sociales,Comercial_4,40,2025-10-05,2025-10-22,4,2,Sin matrícula,Verano Active,9
510,Influencer,Comercial_7,42,2025-07-06,2025-07-31,7,1,Sin matrícula,Enero Nuevo Año,14
511,Evento,Comercial_2,34,2025-07-08,2025-07-31,3,3,Sin matrícula,Black Friday,19
512,Influencer,Comercial_5,46,2025-10-19,2025-12-14,2,2,2x1 primer trimestre,Black Friday,36
513,Publicidad exterior,Comercial_2,66,2025-12-31,2026-01-09,0,1,2x1 primer trimestre,Black Friday,7
514,Redes Sociales,Comercial_2,41,2025-08-07,2025-09-11,4,3,1 mes gratis,San Valentín Fit,34
515,Web,Comercial_3,81,2025-10-07,2025-10-29,1,2,1 mes gratis,Black Friday,21
516,Redes Sociales,Comercial_8,57,2025-09-14,2025-09-18,7,1,Pack Familiar,Black Friday,3
517,Google Ads,Comercial_6,31,2025-11-09,2026-01-04,4,0,2x1 primer trimestre,Campaña Local,51
518,Web,Comercial_1,65,2025-09-02,2025-09-16,6,1,Pack Familiar,Campaña Local,12
519,Google Ads,Comercial_8,54,2025-08-19,2025-09-02,2,1,2x1 primer trimestre,Campaña Local,7
520,Publicidad exterior,Comercial_8,53,2025-07-05,2025-07-16,3,0,Descuento 20%,San Valentín Fit,7
521,Publicidad exterior,Comercial_1,30,2025-08-10,2025-09-29,0,3,Precio especial online,Campaña Local,31
522,Influencer,Comercial_2,43,2025-07-02,2025-08-28,5,3,Pack Familiar,Black Friday,48
523,Influencer,Comercial_8,34,2025-09-11,2025-10-05,3,3,Sin matrícula,San Valentín Fit,22
524,Publicidad exterior,Comercial_7,35,2025-09-23,2025-10-17,2,0,Pack Familiar,Black Friday,14
525,Publicidad exterior,Comercial_4,48,2025-11-28,2025-12-05,2,1,Precio especial online,Verano Active,4
526,Referido,Comercial_4,64,2025-10-20,2025-11-26,3,3,Ninguna,Black Friday,33
527,Email Marketing,Comercial_7,79,2025-07-27,2025-08-09,5,1,2x1 primer trimestre,Enero Nuevo Año,12
528,Redes Sociales,Comercial_3,38,2025-11-18,2026-01-08,8,0,Sin matrícula,Enero Nuevo Año,50
529,Email Marketing,Comercial_1,37,2025-11-04,2025-12-09,1,2,Sin matrícula,San Valentín Fit,29
530,Influencer,Comercial_8,55,2025-08-05,2025-08-09,7,2,Ninguna,Vuelta al Cole,2
531,Influencer,Comercial_2,54,2025-09-16,2025-11-03,8,1,Sin matrícula,Campaña Local,33
532,Redes Sociales,Comercial_4,51,2025-09-18,2025-11-16,1,3,Ninguna,Black Friday,42
533,Google Ads,Comercial_1,51,2025-10-02,2025-11-23,6,3,1 mes gratis,Verano Active,42
534,Evento,Comercial_8,30,2025-07-17,2025-09-14,1,1,Ninguna,Enero Nuevo Año,49
535,Web,Comercial_3,53,2025-10-27,2025-11-23,6,1,Pack Familiar,Vuelta al Cole,23
536,Referido,Comercial_1,35,2025-08-16,2025-08-17,0,0,Descuento 20%,San Valentín Fit,1
537,Visita directa,Comercial_6,41,2025-11-06,2025-11-18,6,3,Sin matrícula,Campaña Local,9
538,Email Marketing,Comercial_3,43,2025-07-15,2025-08-26,5,3,Precio especial online,San Valentín Fit,35
539,Influencer,Comercial_2,55,2025-11-02,2025-12-05,4,0,Precio especial online,Verano Active,21
540,Publicidad exterior,Comercial_3,73,2025-10-25,2025-12-04,7,1,Precio especial online,Enero Nuevo Año,22
541,Publicidad exterior,Comercial_4,48,2025-07-17,2025-08-18,7,3,Sin matrícula,Campaña Local,26
542,Influencer,Comercial_5,60,2025-09-15,2025-10-22,5,1,Sin matrícula,Vuelta al Cole,24
543,Publicidad exterior,Comercial_7,45,2025-09-30,2025-10-27,1,2,Descuento 20%,Enero Nuevo Año,19
544,Google Ads,Comercial_7,64,2025-09-01,2025-09-03,5,0,1 mes gratis,Campaña Local,1
545,Google Ads,Comercial_2,45,2025-12-15,2025-12-25,2,1,Pack Familiar,Black Friday,5
546,Web,Comercial_3,47,2025-12-02,2026-01-12,8,3,Descuento 20%,Campaña Local,25
547,Google Ads,Comercial_7,50,2025-10-18,2025-12-08,0,2,Pack Familiar,San Valentín Fit,44
548,Web,Comercial_7,55,2025-06-29,2025-08-27,3,0,2x1 primer trimestre,Campaña Local,41
549,Visita directa,Comercial_5,43,2025-07-25,2025-08-18,7,0,Ninguna,Enero Nuevo Año,18
550,Publicidad exterior,Comercial_1,44,2025-06-12,2025-08-03,6,3,Descuento 20%,Verano Active,37
551,Email Marketing,Comercial_6,19,2025-06-30,2025-08-28,1,0,Ninguna,Orgánico,37
552,Web,Comercial_8,45,2025-11-01,2025-12-31,5,3,Sin matrícula,San Valentín Fit,36
553,Redes Sociales,Comercial_5,86,2025-08-16,2025-08-22,1,0,1 mes gratis,Vuelta al Cole,4
554,Google Ads,Comercial_3,40,2025-10-17,2025-10-31,0,2,Pack Familiar,Black Friday,11
555,Web,Comercial_2,40,2025-12-27,2025-12-29,1,1,2x1 primer trimestre,Verano Active,1
556,Influencer,Comercial_2,69,2025-06-20,2025-07-31,5,2,Ninguna,Vuelta al Cole,32
557,Referido,Comercial_4,33,2025-11-20,2025-12-03,7,0,2x1 primer trimestre,Verano Active,9
558,Publicidad exterior,Comercial_3,38,2025-08-21,2025-10-20,1,1,2x1 primer trimestre,Vuelta al Cole,37
559,Referido,Comercial_4,71,2025-09-15,2025-10-14,5,2,Pack Familiar,Enero Nuevo Año,17
560,Web,Comercial_6,75,2026-01-04,2026-01-09,4,1,2x1 primer trimestre,San Valentín Fit,4
561,Redes Sociales,Comercial_4,38,2025-09-01,2025-09-16,8,2,Precio especial online,Enero Nuevo Año,14
562,Web,Comercial_4,13,2025-08-04,2025-08-29,1,2,1 mes gratis,Enero Nuevo Año,21
563,Web,Comercial_6,37,2025-08-09,2025-08-31,5,3,Precio especial online,Orgánico,13
564,Referido,Comercial_7,35,2025-06-28,2025-07-19,5,1,Ninguna,Black Friday,17
565,Google Ads,Comercial_6,10,2025-09-09,2025-10-19,5,2,Precio especial online,San Valentín Fit,33
566,Publicidad exterior,Comercial_7,52,2025-09-21,2025-11-14,1,1,Descuento 20%,Verano Active,34
567,Google Ads,Comercial_5,54,2025-12-03,2026-01-06,7,3,Sin matrícula,Campaña Local,30
568,Visita directa,Comercial_6,58,2025-07-06,2025-07-18,8,3,Descuento 20%,Verano Active,9
569,Web,Comercial_1,49,2025-08-03,2025-09-03,7,2,Descuento 20%,San Valentín Fit,24
570,Web,Comercial_8,45,2025-09-11,2025-10-15,8,2,Sin matrícula,Enero Nuevo Año,30
